endpoint,fold,SMILES,observed,predicted,is_challenge
cyp3a4,1,Brc1ccc(-c2n[nH]cc2CN2CCN(C3CCOCC3)CC2)cc1,3.67145394,4.2298675,True
cyp3a4,1,Brc1ccc2[nH]c(-c3noc([C@@H]4C[C@H]5CC[C@@H]4O5)n3)cc2c1,5.15852155,4.1513667,True
cyp3a4,1,C=CC(C)(CC)C(=O)NCc1nn2c(c1C(=O)OC)CCCC2,4.19543617,4.336519,True
cyp3a4,1,C=CCC1(C(=O)NCC(C)C#N)CCN(C(=O)OC(C)(C)C)CC1,4.26554637,3.9323597,True
cyp3a4,1,CC(=O)N1CC2(CCN(C(=O)CCc3cc(F)ccc3F)CC2)[C@H]2COC[C@H]21,2.915929035,3.7998424,True
cyp3a4,1,CC(=O)N1CC2(CCN(C(=O)c3ccc4nc(C)sc4c3)CC2)[C@H]2COC[C@H]21,2.447324098,3.3792784,True
cyp3a4,1,CC(=O)N1CCc2ccc(S(=O)(=O)N3CCN(C(=O)CO)CC3)cc21,3.36999116,2.1725063,True
cyp3a4,1,CC(=O)N1C[C@H](O)C[C@@H]1C(=O)Nc1cnn(CC(C)C)c1C1CC1,3.666389928,2.0804205,True
cyp3a4,1,CC(=O)NC1CCN(C(=O)NCCc2nc3c(s2)CCCC3)C1,3.082478023,2.9553204,True
cyp3a4,1,CC(=O)NC[C@H]1CN(CC(=O)N2CCc3ccccc3C2)C[C@@H]1c1cncn1C,4.255873205,3.8938246,True
cyp3a4,1,CC(=O)Nc1cc(S(=O)(=O)NC2CCC(C(N)=O)CC2)ccc1C,3.907509923,3.3173623,True
cyp3a4,1,CC(C(=O)NCc1ccc(CC(=O)O)cc1)n1cccn1,2.052655422,1.7024579,True
cyp3a4,1,CC(C)(C(=O)N1CCC(COc2ccccc2)C1)c1cccnc1,5.52949192,5.054407,True
cyp3a4,1,CC(C)(C(N)=O)N1CCN(C(=O)Cn2ncc(=O)c3ccccc32)CC1,3.48504155,2.4377084,True
cyp3a4,1,CC(C)(C)NS(=O)(=O)C1(CNc2c(Br)cccc2C#N)CCC1,5.295529767,5.6213837,True
cyp3a4,1,CC(C)(C)NS(=O)(=O)C1(CNc2ccc(Cl)cc2C#N)CCC1,5.151652217,5.4285994,True
cyp3a4,1,CC(C)(C)c1ccc(S(=O)(=O)NCCCN2CCCCCC2=O)s1,4.552659145,4.2325983,True
cyp3a4,1,CC(C)(C)c1coc(CN2CCC(c3c[nH]cn3)CC2)n1,5.006224675,4.3850803,True
cyp3a4,1,CC(C)(C)c1nc(-c2nc3cccc(F)c3c(=O)[nH]2)co1,3.486464575,3.3673553,True
cyp3a4,1,CC(C)(C)c1nc(CCNC(=O)C(c2cccc(F)c2)N2CCOCC2)cs1,5.248874218,4.2937794,True
cyp3a4,1,CC(C)(C)c1noc(COc2cccc3c2NC(=O)CO3)n1,2.339529442,3.6291296,True
cyp3a4,1,CC(C)(C)n1cc(CN2CCC(C(=O)N3CCc4ccccc43)CC2)cn1,3.14901929,3.7185905,True
cyp3a4,1,CC(C)(O)C(C)(C)NC(=O)Cn1ncc(=O)c2ccccc21,2.25515684,2.5811052,True
cyp3a4,1,CC(C)(O)CN1CCN(C(=O)NCC2CCN(c3ccncc3)CC2)CC1,3.530049412,3.1018577,True
cyp3a4,1,CC(C)(Oc1ccc(Cl)cc1)C(=O)OCc1cc(=O)oc2cc(O)ccc12,5.37132473,4.2228174,True
cyp3a4,1,CC(C)C(=O)Nc1nc(CC(=O)N2CC[C@H](O)[C@@H]2c2ccc(Cl)cc2)cs1,3.626002505,3.904104,True
cyp3a4,1,CC(C)C(O)CN1CCN(C(=O)COc2ccc(Br)cc2)CC1,4.721941102,2.8477077,True
cyp3a4,1,CC(C)C1(c2ccccc2)CN(C(=O)C2CCN(S(N)(=O)=O)CC2)C1,3.315846993,3.2492113,True
cyp3a4,1,CC(C)CCc1ccc(NC(=O)N2Cc3cn[nH]c3CC(C)(C)C2)nc1,5.14990793,4.3217216,True
cyp3a4,1,CC(C)COc1ccc(C2(C(=O)N3CCc4[nH]ncc4C3)CCC2)cc1,4.934840957,4.251956,True
cyp3a4,1,CC(C)Cc1ccc([C@H](C)C(=O)O)cc1,2.277124133,2.0161586,True
cyp3a4,1,CC(C)N(C)c1ccccc1NS(=O)(=O)c1cnn(C2CCC2)c1,4.476775887,4.5131397,True
cyp3a4,1,CC(C)N(Cc1nc2ccccc2c(=O)[nH]1)C(=O)Cc1cccc(C(F)(F)F)c1,5.199354095,4.1572514,True
cyp3a4,1,CC(C)N1CCC(NS(=O)(=O)c2cnc3cccnn23)C1=O,2.148783127,3.0125914,True
cyp3a4,1,CC(C)N1CCCN(c2nccc(Oc3ccccc3)n2)CC1,4.594022655,3.9392803,True
cyp3a4,1,CC(C)N1CCN(C2CCN(C(=O)C3(O)CCC3)CC2)CC1,1.991538522,2.5037827,True
cyp3a4,1,CC(C)NC(=O)CNC(=O)N1CCC(c2ccccn2)CC1,2.132930655,3.152768,True
cyp3a4,1,CC(C)NC(=O)N1CCC[C@H]1C(=O)NC1CCN(c2ccccn2)CC1,1.956486295,3.7394142,True
cyp3a4,1,CC(C)NC(=O)Nc1cccc(C(=O)NC(c2ccccc2)c2nnc[nH]2)c1,2.509168762,3.6008255,True
cyp3a4,1,CC(C)OC(=O)[C@H](C)N[P@](=O)(CO[C@H](C)Cn1cnc2c(N)ncnc21)Oc1ccccc1,3.870445152,4.8476954,True
cyp3a4,1,CC(C)c1ccnc(N2CCN(C(=O)Nc3ccccc3C(C)C)CC2)n1,4.725816535,4.8333993,True
cyp3a4,1,CC(C)c1oncc1NC(=O)c1ccc2nnc(C(F)F)n2c1,3.32502246,3.5148392,True
cyp3a4,1,CC(NC(=O)C1(C(=O)O)CC=CC1)c1nc2ccccc2n1C(F)F,2.731910693,2.767049,True
cyp3a4,1,CC(NC(=O)C1CC(C(=O)[O-])C1)c1ccc2c(c1)CCCC2,2.102803447,3.0813632,True
cyp3a4,1,CC(NC(=O)c1cc(C(C)(C)C)n2ncnc2n1)c1cncc(F)c1,4.647910397,3.9131632,True
cyp3a4,1,CC(NC(=O)c1ccc(O)nc1)c1nc2ccccc2n1C(F)F,3.476018522,3.4391732,True
cyp3a4,1,CC(NC(=O)c1ccc(S(=O)(=O)Nc2ccccc2)cc1)c1cccnc1,5.384433152,4.8293924,True
cyp3a4,1,CC(NC(=O)c1cnn(C(C)C)c1)c1nc(C(C)(C)C)cs1,3.810000637,4.526631,True
cyp3a4,1,CC(O)c1cccc(N2CCC(CN3CCCCC3=O)CC2)n1,2.548094117,3.090435,True
cyp3a4,1,CC(Sc1ccc(C#N)cc1)C(=O)N1CCCN(C(=O)c2ccc(F)cc2)CC1,4.580574243,4.103938,True
cyp3a4,1,CC1(C)CNC(=O)C1NCc1nc(C(F)(F)F)n2c1CCCC2,2.861527915,3.4156704,True
cyp3a4,1,CC1(NC(=O)c2ccc(S(=O)(=O)NC3CC3)cc2)CC=CCC1,4.636902988,3.6136248,True
cyp3a4,1,CC1(c2cccc(-c3noc(-c4cccc5c6c([nH]c45)CCCC6)n3)c2)NC(=O)NC1=O,5.32308748,3.9933424,True
cyp3a4,1,CC1=C(C)CN(C(=O)NCC(=O)N2CCc3ccccc32)CC1,4.36293801,4.003796,True
cyp3a4,1,CC1CC(C(=O)O)CCN1C(=O)Cn1ncc(=O)c2ccccc21,2.404207318,1.7280409,True
cyp3a4,1,CC1CCCN(c2cc(C(=O)Nc3ccnn3C)ccn2)C1,4.013320542,4.013191,True
cyp3a4,1,CC1CCN(C(=O)C2CC23CCc2ccccc23)c2c(O)cccc21,5.431020372,5.27396,True
cyp3a4,1,CC1CCN(C(=O)CS(C)(=O)=O)c2c(O)cccc21,3.036258822,3.0959117,True
cyp3a4,1,CC1CCN(C(=O)[C@H]2C[C@@H]2c2cnn(C)c2)c2c(O)cccc21,4.954365495,4.7864842,True
cyp3a4,1,CC1CCN(C(=O)c2ccc(OCC(=O)O)cc2)c2c(O)cccc21,2.61765796,2.230983,True
cyp3a4,1,CC1CCN(C(=O)c2ccc3c(c2)OCCO3)c2c(O)cccc21,4.463125545,4.261953,True
cyp3a4,1,CC1CCNC(=O)C1NC(=O)NCC1(N2CCOCC2)CC1,3.37408487,2.1436434,True
cyp3a4,1,CC1CN(CCNC(=O)Nc2ccnc(-c3ccccc3)c2)CCO1,4.061077265,3.6510599,True
cyp3a4,1,CC1COC(c2ccccc2)CN1S(=O)(=O)c1cccc(C#N)c1,4.747038658,4.3278847,True
cyp3a4,1,CC1c2cccn2CCN1C(=O)Cn1nnc2ccccc21,3.033616223,4.0165377,True
cyp3a4,1,CCC(C)(C)NC(=O)NCC1CCN(Cc2nc(C)c(C)o2)CC1,2.509033335,3.65529,True
cyp3a4,1,CCC(O)CNc1cccc(-n2cnc3ccccc32)n1,4.818110925,4.1050124,True
cyp3a4,1,CCC1(Cn2cc(-c3cccc(C(F)(F)F)n3)nn2)COC1,3.715800537,3.9808319,True
cyp3a4,1,CCC1C(C(=O)O)CCN1S(=O)(=O)c1cccc2ccc(C)nc12,2.073384172,2.3415046,True
cyp3a4,1,CCCCCCCCCCCCCCCCCC[N+](C)(C)CCCCCCCCCCCCCCCCCC,1.977219185,3.6572762,True
cyp3a4,1,CCCCCCCCCCCCCCCC[N+](C)(C)C,4.774971565,3.5635319,True
cyp3a4,1,CCCN1CCN(C(=O)CCn2ccnc2)C(C)(C)C1=O,4.775317718,4.008787,True
cyp3a4,1,CCCOc1cccc(CCNC(=O)C2CC(=O)N(Cc3ccccn3)C2)c1,3.709615847,3.6609626,True
cyp3a4,1,CCCc1cc(C(=O)N(C)[C@H]2CCO[C@@H]2c2cccnc2)cc(=O)[nH]1,3.580244055,3.802346,True
cyp3a4,1,CCCc1cc(C(=O)NC[C@]23CNC[C@@]2(C(F)(F)F)C3)[nH]n1,4.282106348,3.4437954,True
cyp3a4,1,CCN(CC)C(=O)c1ccc(CNC(=O)N2CCC[C@H](C(=O)O)C2)cc1,2.02647341,2.0859396,True
cyp3a4,1,CCN(CC)S(=O)(=O)c1ccc(OC(C)C)c(NC(=O)C2(C)CCCO2)c1,4.542286403,3.8008707,True
cyp3a4,1,CCN(CC)S(=O)(=O)c1ccc(OC)c(NS(=O)(=O)c2ccc(OC)c(OC)c2)c1,4.89951958,4.4650574,True
cyp3a4,1,CCN(Cc1c(CO)cnc(C)c1O)C(=O)c1ccc(F)c(Cl)c1,4.65121589,4.2882996,True
cyp3a4,1,CCN(Cc1ccc2c(c1)OCO2)C(=O)NCc1nnc2n1CCCCC2,4.888316,3.6460376,True
cyp3a4,1,CCNS(=O)(=O)c1ccc(C(=O)N2CCC(C)c3cccc(O)c32)cc1,4.70771295,4.67172,True
cyp3a4,1,CCNc1cc(CNC(=O)N2CCC(CC)(CO)CC2)ccn1,2.893924045,3.6692119,True
cyp3a4,1,CCOC(=O)CCCS(=O)(=O)N1CCC(n2cc(C)cn2)CC1,3.559019998,3.3717322,True
cyp3a4,1,CCOC(=O)NCCCC(=O)Nc1nn(Cc2ccccc2F)cc1Br,4.174297132,4.69175,True
cyp3a4,1,CCOC(=O)[C@H](CCc1ccccc1)N[C@@H](C)C(=O)N1Cc2ccccc2C[C@H]1C(=O)O,4.544614443,3.4798229,True
cyp3a4,1,CCOc1ccc(-c2noc(-c3cc(Cl)c(OCC)c(OC)c3)n2)cn1,1.955119468,4.393281,True
cyp3a4,1,CCOc1ccc(NS(=O)(=O)c2ccc(C)cc2C)cc1,5.132729885,5.247501,True
cyp3a4,1,CCOc1ccc(OCC(=O)N2CCN(c3nnc(C)n3C)CC2)cc1,2.21060679,3.6158211,True
cyp3a4,1,CCOc1ccc2ccccc2c1C(=O)N[C@@H]1CCOC[C@H]1O,3.27627787,3.7325635,True
cyp3a4,1,CCOc1cccc(CCC(=O)N2CCCNC(=O)[C@@H]2CC)c1,3.6589752,3.1599827,True
cyp3a4,1,CCOc1ccccc1C(N)=O,2.25078057,3.7176223,True
cyp3a4,1,CCOc1nc2cccc(C(=O)OC(C)OC(=O)OC3CCCCC3)c2n1Cc1ccc(-c2ccccc2-c2nnn[nH]2)cc1,5.142915203,4.5644503,True
cyp3a4,1,CCS(=O)(=O)c1cccc(CC(=O)N2CCCC2CSC)c1,3.05670292,3.5887227,True
cyp3a4,1,CC[C@H](NC(=O)c1cc(C(C)(C)C)n2ncnc2n1)c1ccccn1,3.601665152,4.1002417,True
cyp3a4,1,CCc1c[nH]c(=O)c(C(=O)NCCc2nc(-c3ccccc3)oc2C)c1,5.120539805,4.086729,True
cyp3a4,1,CCc1c[nH]c2ncc(-c3cccc4[nH]c(=O)[nH]c34)cc12,4.77079698,4.719364,True
cyp3a4,1,CCc1cc(N2CCC(NC(=O)c3cccc(C)c3F)CC2)ncn1,4.811813028,5.3158545,True
cyp3a4,1,CCc1ccc(N2CC(C(=O)NCc3cccnc3-n3ccnc3)CC2=O)cc1,5.248705098,4.926875,True
cyp3a4,1,CCc1ccc(NC(=O)N2CCCC(C3CCOCC3)C2)cc1OC,5.039546772,3.9775684,True
cyp3a4,1,CCc1ccc(NC(=O)NCC2CCCCN2)cc1S(N)(=O)=O,2.358005528,2.379189,True
cyp3a4,1,CCc1ccc(NC(=O)NCCCc2cccc(C(F)(F)F)c2)cc1S(N)(=O)=O,5.572514315,5.052072,True
cyp3a4,1,CCc1ccc(S(=O)(=O)NCCN2CCCCCC2=O)s1,4.358190552,3.5758874,True
cyp3a4,1,CCc1ccc([N+](=O)[O-])cc1S(=O)(=O)Nc1ccc(-c2noc(C(F)(F)F)n2)cc1,4.970041317,3.8434467,True
cyp3a4,1,CCc1nc(C)c(C(=O)N2CCC(C(F)(F)F)C3(CCOCC3)C2)o1,3.92657747,2.7062213,True
cyp3a4,1,CCc1nn(C)c(CC)c1CC(=O)Nc1ccc2c(c1)CCC(=O)N2,2.251027623,3.2722228,True
cyp3a4,1,CCc1nn(C)cc1C(=O)NC1CCN(CCc2ccccc2)CC1,3.24355174,4.1336412,True
cyp3a4,1,CCc1nn(C)cc1NC(=O)c1ccc(-c2ccco2)nc1C,4.033958317,4.020514,True
cyp3a4,1,CCc1nn(Cc2coc(-c3cccc(OC)c3)n2)c(=O)c(C#N)c1CC,5.585976282,4.5866995,True
cyp3a4,1,CCn1c([C@@H]2C[C@H](OC)CN2CC=Cc2ccccc2)n[nH]c1=O,3.5545027,4.3357453,True
cyp3a4,1,CCn1cc(CNC(=O)N2CC(C)(C)[C@H]3COC[C@H]32)cn1,1.987554438,3.6490273,True
cyp3a4,1,CCn1cc(NS(=O)(=O)c2ccc(C)cc2C)cn1,4.059691825,4.3854156,True
cyp3a4,1,CCn1ccc(C(=O)N2CCC(Cc3ccccc3)CC2)n1,3.367505035,4.8425903,True
cyp3a4,1,CCn1cnc2c1CCN(C(=O)C1c3cnn(C)c3CCN1S(C)(=O)=O)C2,2.077046045,2.3716564,True
cyp3a4,1,CCn1cnc2c1CCN(C(=O)Nc1cnc(-c3ccccc3)nc1)C2,4.196689665,3.7586715,True
cyp3a4,1,CCn1nc(C)c(CC(=O)N2C[C@H]3CCC[C@@]3(C(N)=O)C2)c1C,1.990420455,2.8277893,True
cyp3a4,1,CCn1ncc(C(=O)N2CCCCC2c2nccn2CC)n1,3.53333597,3.5578532,True
cyp3a4,1,CCn1ncc(NC(=O)Cn2nc(C)c3cccnc32)c1C,3.67162816,4.028318,True
cyp3a4,1,CCn1ncc2c(C(=O)NCc3coc(-c4ccccc4)n3)cc(-c3ccccc3)nc21,5.395813947,4.456489,True
cyp3a4,1,CCn1nncc1CN1Cc2ccccc2C[C@@H]1C(=O)NC1CC1,4.274050743,3.9761553,True
cyp3a4,1,CN(C(=O)c1ccnc(NC(=O)C2CC2)c1)c1ccc(N2CCOCC2)nc1,3.207199585,3.8653443,True
cyp3a4,1,CN(C(=O)c1ccncc1)c1ccc(CNC(=O)c2cc(=O)[nH]c3ccc([N+](=O)[O-])cc23)cc1,4.884666165,4.0912123,True
cyp3a4,1,CN(C)C(=O)N1CCN(C(=O)c2cn(C)c(=O)[nH]c2=O)C(C)(C)C1,2.033033305,1.5658941,True
cyp3a4,1,CN(C)C(=O)c1ccnc(NC(=O)NC2(c3c(F)cccc3F)CCC2)c1,3.821690025,3.9671502,True
cyp3a4,1,CN(C)CC(CO)NC(=O)c1ccccc1-c1ccncc1,3.143717265,4.399771,True
cyp3a4,1,CN(C)c1ccc(C(=O)N2CCN(C(=O)c3ccc(O)cc3)CC2)cc1,3.794024557,3.5993288,True
cyp3a4,1,CN(C)c1ncccc1CNC(=O)NC1(c2ccccc2)CC1(C)C,4.371734838,4.520655,True
cyp3a4,1,CN(CC1COc2ccccc2O1)C(=O)C1(CN)CCOCC1,4.517631615,3.563438,True
cyp3a4,1,CN(Cc1ccn(-c2ccccc2)n1)C(=O)c1ccc(C#N)c(Cl)c1,4.475472498,4.3993435,True
cyp3a4,1,CN(c1cccnc1)S(=O)(=O)c1ccc2c(c1)CC(C)(C)O2,5.336830762,4.3611374,True
cyp3a4,1,CN1C(=O)CCC(C(=O)Nc2cccc(-c3nnnn3C)c2)C1c1cnn(C)c1,2.4324844,3.3946228,True
cyp3a4,1,CN1C(=O)CC[C@@H]1C(=O)N1CCN(c2cccc3[nH]c(=O)[nH]c23)CC1,2.11736658,2.4191904,True
cyp3a4,1,CN1C(=O)C[C@H](C(=O)N2CCN(c3ccccc3F)CC2)[C@H]1c1cccnc1,2.68327334,3.8153527,True
cyp3a4,1,CN1CC(Nc2nc(-c3ccc(F)cc3)no2)CCC1=O,4.592901402,3.4680657,True
cyp3a4,1,CN1CCC(CNC(=O)c2nc(N3CCCC3)ncc2Cl)CC1,3.789451435,3.0537748,True
cyp3a4,1,CN1CCCC1C1CCCN1C(=O)Cn1ncc(=O)c2ccccc21,2.131347953,3.7010307,True
cyp3a4,1,CN1CCC[C@@H]1C(=O)NC/C=C/CNC(=O)c1ccc(C(N)=O)[nH]1,1.935252555,2.1877532,True
cyp3a4,1,CN1CCN(C(=O)c2ccc(CNC(=O)c3cccc4cc(O)ncc34)cc2)CC1,2.090719552,3.3090515,True
cyp3a4,1,CN1CCN(C(=O)c2csnn2)c2ccc(F)cc21,4.384382063,4.0801024,True
cyp3a4,1,CN1CCN(CCCN2c3ccccc3Sc3ccc(C(F)(F)F)cc32)CC1,4.831211795,4.3967175,True
cyp3a4,1,CN1CCc2ccc(NC(=O)c3ccc(-n4cnnn4)cc3)cc21,5.377073688,4.463908,True
cyp3a4,1,CNC(=O)C1Cc2ccccc2N1C(=O)Cc1c[nH]c2cccc(C)c12,4.572986923,4.286492,True
cyp3a4,1,CNC(=O)COc1cccc(CNC(=O)CNC(=O)c2cccs2)c1,3.129496105,3.0749073,True
cyp3a4,1,CNC(=O)C[C@@H]1CN(C(=O)c2cc3ncc(C(C)C)cc3[nH]2)C[C@H]1O,2.257770208,3.394077,True
cyp3a4,1,CNC(=O)NC1CCCN(C(=O)CSc2nc3ccccc3s2)C1,4.622010702,3.8397152,True
cyp3a4,1,CNC(=O)Nc1cccc(C(=O)Nc2ccc3[nH]c(-c4ccncc4)nc3c2)c1,5.65842894,5.2721057,True
cyp3a4,1,CNC(=O)Oc1cccc2ccccc12,3.317232682,3.6608367,True
cyp3a4,1,CNCc1cn(CC2CCCN2C(=O)Cc2cccc(C)c2)nn1,4.173690537,3.849714,True
cyp3a4,1,CNS(=O)(=O)c1ccc(C(=O)N2CCCCCc3ccccc32)cc1,4.572286692,4.7399397,True
cyp3a4,1,CNS(=O)(=O)c1ccc(CCNC(=O)c2cc(-c3ccncc3)nc3ccccc23)cc1,5.639553692,5.372249,True
cyp3a4,1,CNS(=O)(=O)c1ccc(Cl)c(C(=O)Nc2cc3n(n2)CCCC3)c1,3.564863805,3.797617,True
cyp3a4,1,COC(=O)c1c(CNC(=O)NC2CC(F)(F)C2)nn2c1CCCC2,3.393549403,3.3942885,True
cyp3a4,1,COC(=O)c1c(CSc2nncn2C2CC2)nn2c1CCCC2,4.538755025,3.7894878,True
cyp3a4,1,COC(=O)c1cc(-c2csc(NC(=O)c3ccc(OC)cc3)n2)c[nH]1,5.785632915,4.4285965,True
cyp3a4,1,COC(=O)c1cc(NC(=O)Cc2cc(C)[nH]n2)cc2[nH]ccc12,4.197104865,4.1976485,True
cyp3a4,1,COC(=O)c1cccc2nc(Cn3cc(-c4nccn4C)nn3)cn12,3.84075828,4.360113,True
cyp3a4,1,COC(=O)c1cnc(NC(=O)c2ccccc2OC2CCCC2)s1,4.647690202,4.054665,True
cyp3a4,1,COC(C(=O)N1CCCc2cccc(O)c21)c1cnn(C)c1,2.2069258,3.8592782,True
cyp3a4,1,COC(C)(C(=O)N1CCN(c2ccnc(C)n2)CC1)c1ccccc1,4.3106221,3.8757937,True
cyp3a4,1,COC1CCCCC1C(=O)NCc1ccc(C(=O)Nc2ccncc2)cc1,5.186547398,5.590201,True
cyp3a4,1,COC1CCCN(C(=O)C(Cc2ccccc2)NC(=O)c2cccnc2)CC1,4.67823274,4.349755,True
cyp3a4,1,COCC1COCCN1C(=O)c1cccc(Oc2nccs2)c1,4.1690063,3.4979982,True
cyp3a4,1,COCCC(=O)NC1CCN(c2ccccc2OC(F)F)C1,4.893126983,3.919493,True
cyp3a4,1,COCc1ccc(C2COCCN2C(=O)c2ncc(C)cc2C)o1,2.504521725,3.4093046,True
cyp3a4,1,COCc1cnc(NC(=O)N2CCCC2c2cnn(C)c2)s1,2.299154908,4.297665,True
cyp3a4,1,COCc1cnc(OC)c(C(=O)N[C@@H]2CC(Cn3cc(Cl)cn3)C[C@H]2O)c1,2.898475525,3.9875648,True
cyp3a4,1,COCc1nc(C(=O)N2CCN(C(=O)c3ccc(C)c(F)c3)CC2)cs1,4.10103707,3.7924287,True
cyp3a4,1,COCc1noc(CN2CCN(C(=O)c3cccc(N(C)C)c3)CC2)n1,2.11773605,3.3506637,True
cyp3a4,1,CON1CCC(CC(=O)N2CCOC(c3ccc(F)cc3)C2)CC1,3.219694877,2.9512825,True
cyp3a4,1,CO[C@H]1C[C@@H](C(=O)N2CCN(c3nccc(C(C)C)n3)CC2)N(C)C1,3.176833415,3.5752442,True
cyp3a4,1,COc1cc(C#N)ccc1S(=O)(=O)Nc1cccc(CC(=O)O)c1,2.193592918,2.8934255,True
cyp3a4,1,COc1cc(C(=O)N2CCN(C(=O)c3cc(C#N)cs3)CC2)ccc1C,4.12339492,4.0674934,True
cyp3a4,1,COc1cc(C(=O)NC2CCCN(c3cnn(C)c3)C2)ccc1C,4.572688002,4.204111,True
cyp3a4,1,COc1cc(C(=O)Nc2cc(Cl)cc(C(=O)O)c2)cc(OC)c1C,2.76789295,3.3261967,True
cyp3a4,1,COc1cc(CC(=O)Nc2cc(C(F)(F)F)n(C)n2)ccc1C,5.0768823,4.125118,True
cyp3a4,1,COc1cc(F)c(C(C)NC(=O)c2ccccc2OC(F)(F)F)cc1OC,5.657193265,4.732348,True
cyp3a4,1,COc1cc(N2CCN(c3ncnc4c3CCCC4)CC2)ccc1F,4.883709977,5.015365,True
cyp3a4,1,COc1cc2ncnc(Nc3ccc(F)c(Cl)c3)c2cc1OCCCN1CCOCC1,4.841854462,4.0005264,True
cyp3a4,1,COc1ccc(-c2n[nH]cc2C(=O)NCCNC(=O)c2ccc(F)cc2)cc1,4.866574908,4.4288516,True
cyp3a4,1,COc1ccc(Br)cc1S(=O)(=O)Nc1ccccc1C(C)C,5.366531287,5.9168305,True
cyp3a4,1,COc1ccc(C(=O)NC(C)c2cccnc2)cc1S(=O)(=O)N1CCCC1,4.751033347,4.6832547,True
cyp3a4,1,COc1ccc(C2CCCN2C(=O)c2nccc3occc23)cc1F,4.528305637,4.54435,True
cyp3a4,1,COc1ccc(C2CN(C(=O)Nc3ccc(C(F)(F)F)nc3)CCO2)cc1,4.552269062,3.564404,True
cyp3a4,1,COc1ccc(CN(C)C(=O)N[C@@H]2C[C@H]2c2ccc(F)cc2)cc1OC,4.847706835,5.204878,True
cyp3a4,1,COc1ccc(CN2CCC(NC(=O)c3ccc4nc(C)n(C)c4c3)C2=O)cc1,4.76811988,3.8640041,True
cyp3a4,1,COc1ccc(CS(=O)(=O)Cc2noc3c2CCCCC3)cn1,4.176698538,4.2302194,True
cyp3a4,1,COc1ccc(Cl)cc1C(O)CNC(=O)c1cccc2c1OCC2,5.110956855,4.4422984,True
cyp3a4,1,COc1ccc(Cl)cc1CC(=O)N1CCC(c2nnc3ccccn23)CC1,3.836926565,4.554391,True
cyp3a4,1,COc1ccc(Cn2cc(C(=O)N3CCCC(c4ncc[nH]4)C3)cn2)cc1OC,3.70605219,3.6467695,True
cyp3a4,1,COc1ccc(Cn2cc(C(=O)NC3CCC(=O)NC3C3CCCO3)cn2)cc1,3.529544772,2.9135938,True
cyp3a4,1,COc1ccc(F)cc1C(=O)NC1CCN(c2ncccc2Cl)C1,4.655252147,4.8075657,True
cyp3a4,1,COc1ccc(NS(=O)(=O)c2cc(Cl)c(NC(C)=O)cc2F)cc1-n1nnnc1C,4.243629817,3.6383142,True
cyp3a4,1,COc1ccc2c(c1)C(=O)N(CCc1ccc(S(=O)(=O)NC(=O)NC3CCCCC3)cc1)C(=O)C2(C)C,4.412271148,4.300065,True
cyp3a4,1,COc1ccc2c(c1)C(C(=O)Nc1nccnc1C(C)C)CC2,3.682257762,4.4709044,True
cyp3a4,1,COc1ccc2c(c1)CCN(C(=O)C(OC)c1ccccc1)CC2,4.45277884,4.4805226,True
cyp3a4,1,COc1ccc2c(c1)OC(C)(C)CN(C(=O)Nc1cnn(C)c1)C2,3.59407185,3.9322078,True
cyp3a4,1,COc1ccc2nc(CSc3nc4ccccc4c4nc(C)nn34)[nH]c2n1,5.137646755,5.8791585,True
cyp3a4,1,COc1ccc2ncc(C(=O)NCc3ccnc(OCC(F)(F)F)c3)n2n1,5.543811235,3.9383953,True
cyp3a4,1,COc1cccc(-c2cc(CNC(=O)[C@H]3OC[C@H]4CCC[C@H]43)on2)c1,4.698830915,4.083909,True
cyp3a4,1,COc1cccc(C2(C(=O)NC(C)Cc3cccnc3)CC2)c1,6.227752448,5.836122,True
cyp3a4,1,COc1cccc(C2(NC(=O)NCc3c4c(nn3C)CCCC4)CCC2)c1,5.26182954,4.6598606,True
cyp3a4,1,COc1cccc(CC2CCN(C(=O)Nc3ccnc(C)n3)CC2)c1,5.744499435,5.207222,True
cyp3a4,1,COc1cccc(NC(=O)c2cc(C3CC3)nc3ccc(C)cc23)c1O,5.33447703,4.829767,True
cyp3a4,1,COc1ccccc1-c1cn(C(C)c2cnc(C)cn2)nn1,3.49402962,3.5939837,True
cyp3a4,1,COc1ccccc1-c1cn(Cc2cc(C3CC3)no2)nn1,4.95156472,4.3332734,True
cyp3a4,1,COc1ccccc1-c1cn(Cc2ccn(C3CCCC3)n2)nn1,5.1413988,4.606905,True
cyp3a4,1,COc1ccccc1-c1n[nH]c(NC(=O)c2cc(-c3cnn(C)c3)ccc2F)c1C,5.053911242,4.3206615,True
cyp3a4,1,COc1ccccc1-n1ncc(C(=O)NC2(c3nnn[nH]3)CC2)c1C,1.942231613,3.0466313,True
cyp3a4,1,COc1ccccc1-n1ncc(C(=O)NC2CCCC2)c1C,4.022104132,4.103408,True
cyp3a4,1,COc1ccccc1C(C)CC(=O)N1CCCC(c2ncc[nH]2)C1,4.762171262,4.145718,True
cyp3a4,1,COc1ccccc1N1CCC(N2CCN(Cc3c(C)nn(C)c3C)CC2)C1=O,3.506578353,3.4983482,True
cyp3a4,1,COc1ccccc1N1CCC(NC(=O)c2cnc3ccc(C)cn3c2=O)CC1,4.03235718,4.1106725,True
cyp3a4,1,COc1ccccc1S(=O)(=O)N1CC(c2cccc(F)c2)OCC1(C)C,5.344907917,4.751698,True
cyp3a4,1,COc1ccccc1[C@H](O)CNC(=O)c1cc(C)nc(C)c1,3.434911945,3.359201,True
cyp3a4,1,COc1ccnc(N2CCN(CC(=O)N3CCN(c4cnccn4)CC3)CC2)c1,4.342342805,3.6370683,True
cyp3a4,1,COc1cnc(C2CCCN2c2ncnc3ccccc23)[nH]c1=O,2.775742147,3.929844,True
cyp3a4,1,COc1cncc(NC(=O)N2CCN(C3CCCN(C)C3)CC2)c1,3.721186487,3.1538758,True
cyp3a4,1,COc1csc(C(=O)NC2CCN(CCc3ccccc3)CC2)c1,4.64335551,4.0459194,True
cyp3a4,1,CS(=O)(=O)Cc1ccc(C(=O)N2CCCCCc3ccccc32)o1,4.550641833,3.6412163,True
cyp3a4,1,CS(=O)(=O)c1cc(C(=O)Nc2ccc(-c3nc4ccccc4[nH]3)cc2)ccc1F,5.012589525,4.378084,True
cyp3a4,1,CSCCc1ccccc1NC(=O)N1CCn2c(nnc2-c2ccccc2)C1,3.76069906,4.1972737,True
cyp3a4,1,CSc1cc2c(cc1NC(=O)N1CCCC3(CCOCC3)C1)OCCO2,3.015870505,3.6761823,True
cyp3a4,1,Cc1[nH]c2ccccc2c1C(=O)Nc1cc(C(F)(F)F)c2cn[nH]c2c1,6.116331845,5.0474186,True
cyp3a4,1,Cc1c(C(=O)NCc2ccc3[nH]c(=O)[nH]c3c2)nnn1-c1ccccc1Cl,4.425468122,4.132617,True
cyp3a4,1,Cc1c(C(=O)Nc2ccc(N3C[C@@H](C)O[C@@H](C)C3)nc2)cccc1-c1ccc(OC(F)(F)F)cc1,5.005361857,4.6355605,True
cyp3a4,1,Cc1c(F)cccc1S(=O)(=O)Nc1cnn(C(C)(C)C)c1,3.826424575,3.893023,True
cyp3a4,1,Cc1c(NC(=O)C2CC(=O)Nc3cc(F)ccc32)sc2c1CCCC2,5.014968643,3.228538,True
cyp3a4,1,Cc1c(S(=O)(=O)N(C)Cc2cc(-c3ccccc3)[nH]n2)cnn1C,5.017321528,4.638868,True
cyp3a4,1,Cc1c[nH]cc1C(=O)NC1(c2ncccn2)CCOCC1,3.750865307,3.5829635,True
cyp3a4,1,Cc1cc(=O)[nH]c2cc(C(=O)NCC3(c4nccn4C)NC(=O)NC3=O)ccc12,1.982874425,2.8659072,True
cyp3a4,1,Cc1cc(C(=O)N2CCC(C)c3cccc(O)c32)nn1C(C)C,4.21129633,4.310576,True
cyp3a4,1,Cc1cc(C(=O)N2CCC(c3ccnn3C)CC2)ccc1Cl,3.875375725,5.0931225,True
cyp3a4,1,Cc1cc(C(=O)N2CCN(C3CC3)c3c(C)cccc32)ncc1C(N)=O,4.785576687,4.684061,True
cyp3a4,1,Cc1cc(C(=O)NC(CO)c2ccccc2C(F)(F)F)oc1C,3.876297028,3.1409593,True
cyp3a4,1,Cc1cc(C)n(CC(=O)Nc2ccc3c(c2)C(=O)NCC3)n1,2.100754382,2.721264,True
cyp3a4,1,Cc1cc(C)nc(N2CCCC2c2nncn2C)n1,2.225964725,3.6172976,True
cyp3a4,1,Cc1cc(C2CCN(S(=O)(=O)c3ccccc3-c3ccccc3)CC2)on1,5.332954717,4.8686023,True
cyp3a4,1,Cc1cc(CNC(=O)N[C@@H]2CCc3cc(F)ccc32)no1,4.46958539,4.4034457,True
cyp3a4,1,Cc1cc(F)c(S(=O)(=O)Nc2cnn(C3CCCC3)c2C)cc1F,5.131701908,4.5202265,True
cyp3a4,1,Cc1cc(N2CCCN(c3nc(C)ns3)CC2)nc(C)n1,3.526464638,4.169659,True
cyp3a4,1,Cc1cc(NC(=O)NC(c2ccccn2)C2CC2)cc(C)n1,3.119296237,4.398105,True
cyp3a4,1,Cc1cc(NCCc2ccccc2S(N)(=O)=O)ncc1S(=O)(=O)N1CC2CCC2(C)C1,5.75675987,4.52484,True
cyp3a4,1,Cc1cc(O)cc(=O)n1CC(=O)Nc1cccc(N2C(=O)CCCC2=O)c1,2.206256075,2.4771333,True
cyp3a4,1,Cc1cc(S(=O)(=O)Nc2ccc(C(=O)O)c(C)c2C)sc1C,2.261559773,2.2245164,True
cyp3a4,1,Cc1cc2c(o1)CC(C)(C)CC2NC(=O)Cn1cc(C(=O)O)cn1,2.225750435,3.2705412,True
cyp3a4,1,Cc1cc2ccccc2n1CC(=O)Nc1cccc(N2C(=O)CN(C)C2=O)c1,4.516093178,3.495463,True
cyp3a4,1,Cc1ccc(-c2cn(CC3CNC(=O)C3)nn2)cc1C(=O)Nc1ccccc1,4.076483598,3.9613314,True
cyp3a4,1,Cc1ccc(-c2nc(C)c(C(=O)N3CCn4c(C)nnc4C3)s2)o1,2.984719753,3.8027198,True
cyp3a4,1,Cc1ccc(-c2nc(C)c(C(=O)Nc3nnc(C4CC4)s3)s2)o1,4.28925827,3.860957,True
cyp3a4,1,Cc1ccc(-c2noc(Cc3ccn(CC(F)(F)F)n3)n2)c(=O)[nH]1,2.12650598,2.5975266,True
cyp3a4,1,Cc1ccc(C(=O)N(C)C(C)c2cccc(-c3nn[nH]n3)c2)n1C,4.447054045,3.8517358,True
cyp3a4,1,Cc1ccc(C(=O)N2CCc3ccccc3C2)cn1,2.549907935,3.8752122,True
cyp3a4,1,Cc1ccc(C(=O)NCCc2ccn(-c3ccccc3)n2)cc1Cl,5.955765657,5.1329203,True
cyp3a4,1,Cc1ccc(F)c2[nH]c(C(=O)Nc3cccc(C4(C)NC(=O)NC4=O)c3)cc12,4.982057725,4.407675,True
cyp3a4,1,Cc1ccc(NC(=O)C2CCCN(CC(F)(F)F)C2)cc1-n1cnnn1,4.39705679,3.6307878,True
cyp3a4,1,Cc1ccc(NCc2ncnn2CC(C)C)cc1C(=O)NC(C)C,4.061734572,3.4595733,True
cyp3a4,1,Cc1ccc(NS(=O)(=O)CCNC(=O)Nc2ccn(-c3ccc(C#N)cc3Cl)n2)cc1F,6.163297652,4.968548,True
cyp3a4,1,Cc1ccc(O)c(S(=O)(=O)Nc2cccc(Cl)c2N2CCOCC2)c1,5.850883063,4.813145,True
cyp3a4,1,Cc1ccc(S(=O)(=O)CC(=O)N2CCCCC2)cc1C,3.666930215,3.873282,True
cyp3a4,1,Cc1ccc(S(=O)(=O)N(C)CC2(CO)CC2)cc1C,4.065596995,4.994537,True
cyp3a4,1,Cc1ccc(S(=O)(=O)NCC(O)c2cccc3ccccc23)c(Cl)c1,5.648142737,5.579589,True
cyp3a4,1,Cc1ccc(S(=O)(=O)NCC(O)c2cccc3ccccc23)s1,5.319436237,4.439163,True
cyp3a4,1,Cc1ccc(S(=O)(=O)Nc2ccc(F)cc2)c(C)c1,4.814842452,6.1419144,True
cyp3a4,1,Cc1ccc2[nH]c(C(=O)N[C@@H]3CCCN(S(=O)(=O)C4CC4)C3)cc2c1C,5.069097875,4.522217,True
cyp3a4,1,Cc1ccc2c(CCC(=O)N3CCN(C(=O)C4CCCN4C)CC3)c[nH]c2c1,4.223559652,4.0048246,True
cyp3a4,1,Cc1ccc2c(c1)CN(C(=O)Nc1cc(C)n(C(C)C)n1)CCO2,4.73647948,4.028878,True
cyp3a4,1,Cc1cccc(CC(=O)NC2CCN(C3CCCCC3)C2=O)c1Cl,4.552812463,3.7453518,True
cyp3a4,1,Cc1cccc(CC2(O)CCN(C(=O)c3cn4ccccc4n3)CC2)c1,4.113231225,4.611873,True
cyp3a4,1,Cc1cccc(CN2CCN(C(c3ccccc3)c3ccc(Cl)cc3)CC2)c1,5.557870813,4.172923,True
cyp3a4,1,Cc1cccc(CNC(=O)N2CCN(c3cc(N4CCOCC4)ncn3)CC2)n1,3.627796287,3.8012962,True
cyp3a4,1,Cc1cccc(Cl)c1S(=O)(=O)Nc1c2c(nn1C)CCC2,5.58575969,4.595521,True
cyp3a4,1,Cc1cccc(NC(=O)N2CCN(C(=O)c3cnc4snc(C)c4c3)CC2)c1,4.117966995,4.150237,True
cyp3a4,1,Cc1cccc(Oc2ccccc2C(=O)NC2CNC(=O)C2)c1,3.479948305,3.1132355,True
cyp3a4,1,Cc1cccc(S(=O)(=O)N2C3CCC2C(C(=O)O)C3)c1C#N,2.261276372,2.4289923,True
cyp3a4,1,Cc1cccc(S(=O)(=O)N2CC3C4C=CC(O4)C3C2)c1C#N,4.588731053,3.6579435,True
cyp3a4,1,Cc1cccc2c(N3CCN(CC(=O)O)CC3)ncnc12,2.226776045,2.4374604,True
cyp3a4,1,Cc1cccc2c1N(C(=O)CCCc1nnc(-c3ccccc3)o1)CCC2,4.971816775,4.7475395,True
cyp3a4,1,Cc1cccc2c1N(C(=O)CCc1nc(C3CCCC3)no1)CCC2,4.998017023,5.1310987,True
cyp3a4,1,Cc1cccc2c1N(C1CC1)CCN2C(=O)Cc1nc2ncccn2n1,4.87490824,4.478546,True
cyp3a4,1,Cc1cccc2nc(CNC(=O)c3ccc4c(c3)[nH]c(=O)n4C)n(C)c12,4.1319632,4.4134073,True
cyp3a4,1,Cc1ccccc1C(C)N(CC(C)C)C(=O)c1cnn(C)c1C#N,5.100726175,4.4285917,True
cyp3a4,1,Cc1cccn2cc(-c3cccc(NC(=O)Nc4ccn(CCCC(=O)N(C)C)n4)c3)nc12,4.69557903,4.1971617,True
cyp3a4,1,Cc1cccn2cc(C(=O)Nc3c4c(nn3C)CCCC4)cc12,4.398702007,4.5054708,True
cyp3a4,1,Cc1cn(-c2ccc(F)cc2)nc1C(=O)Nc1ccc2[nH]nc(C(N)=O)c2c1,4.97559505,4.1063457,True
cyp3a4,1,Cc1cnc(NS(=O)(=O)c2cccc3c2OCCC3)cn1,2.869463802,3.0767708,True
cyp3a4,1,Cc1cncc(CN2CCC(=C3c4ccc(Cl)cc4CCc4cccnc43)CC2)c1,5.745036395,6.3067827,True
cyp3a4,1,Cc1cnn(CCC(=O)N2CCCN(C(=O)c3ccc(Cl)cc3)CC2)c1,4.187814177,4.095668,True
cyp3a4,1,Cc1csc(-c2ccc(NC(=O)c3cc(S(C)(=O)=O)ccc3C)cc2)n1,4.777893155,4.2735853,True
cyp3a4,1,Cc1csc(N(C)C(=O)CN2CCc3ccccc3C2=O)n1,4.238793732,3.6259575,True
cyp3a4,1,Cc1csc(N2CCN(C(=O)c3cc(F)ccc3F)CC2)n1,4.07472714,4.064095,True
cyp3a4,1,Cc1n[nH]c(C)c1CC(=O)Nc1cccc2c1OCCC2,4.609398255,3.7225149,True
cyp3a4,1,Cc1nc(C2CC2)oc1C(=O)N[C@H]1CCC[C@H]1Oc1cn[nH]c1,3.844240142,3.7802157,True
cyp3a4,1,Cc1nc2c(c(NCc3cc(Br)cnc3N)n1)CCCC2,5.159339423,4.770243,True
cyp3a4,1,Cc1nc2c(cc1C(=O)NCC1Cc3ccccc3O1)c(C)nn2C,4.06354625,4.202961,True
cyp3a4,1,Cc1nc2c3ccccc3nc(SC(C)C(=O)N3CCC(C)CC3)n2n1,4.923024762,4.618208,True
cyp3a4,1,Cc1nc2c3ccccc3nc(SC(C)c3noc(C)n3)n2n1,4.26595296,4.695386,True
cyp3a4,1,Cc1nc2cc(C(=O)N3CCC(c4c[nH]c5ccccc45)CC3)ccc2c(=O)[nH]1,4.851009367,4.836607,True
cyp3a4,1,Cc1nc2ccc(NC(=O)N3CC4(CCCC4)c4ccccc43)cn2n1,4.915645308,4.1870403,True
cyp3a4,1,Cc1nc2n(n1)CC(C(=O)N(CC(C)C)c1ccc(F)cn1)CC2,3.289258232,3.5846794,True
cyp3a4,1,Cc1nccn1CC(=O)N1CC(CC2COCC(=O)N2)c2ccccc21,2.097287925,3.0033226,True
cyp3a4,1,Cc1ncn(-c2ccc(NC(=O)C3CC(C(C)C)=NO3)cc2)c1C,3.4912619,4.0576916,True
cyp3a4,1,Cc1ncoc1CNS(=O)(=O)c1cccc2c1OCCO2,4.390583823,3.996567,True
cyp3a4,1,Cc1nn(C)cc1CC(=O)NC1CC2(CCN(C)CC2)Oc2ccccc21,2.61695506,2.9144182,True
cyp3a4,1,Cc1nn(CC(=O)NCc2ccc(C(=O)Nc3ccncc3)cc2)c(C)c1Cl,5.797570588,5.3452244,True
cyp3a4,1,Cc1nnc(-c2cccc(NC(=O)c3ccc4[nH]c(=O)c(=O)[nH]c4c3)c2)n1C,1.996908568,3.4606552,True
cyp3a4,1,Cc1nnnn1-c1cccc(NC(=O)c2ccccc2-n2ccnn2)c1,3.953533618,4.1127625,True
cyp3a4,1,Cc1noc(C)c1CC(=O)N1CCOC(c2ccc(F)cc2)C1,3.80811524,3.9558966,True
cyp3a4,1,Cc1noc(C)c1CC(C)NC(=O)N1CC(=O)N(CC2CC2)C1,3.450019785,3.2248697,True
cyp3a4,1,Cc1noc(C)c1CCC(=O)N1CCOC(c2ccc(F)cc2)C1,5.290375023,4.5756416,True
cyp3a4,1,Cc1noc(C2CC2)c1NS(=O)(=O)c1ccc2c(c1)OCCCO2,4.583025637,3.9678054,True
cyp3a4,1,Cc1noc(Cl)c1CCC(=O)N1CCCCC1CC(C)O,5.23919741,3.790669,True
cyp3a4,1,Cc1noc2nc(-c3cccc(C(F)(F)F)c3)cc(C(=O)N3CC(CC(N)=O)C3)c12,4.205072515,4.2404366,True
cyp3a4,1,Cc1noc2nc(-c3cccc(C(F)(F)F)c3)cc(C(=O)N3CCCC(CC(N)=O)C3)c12,4.540503295,4.119443,True
cyp3a4,1,Cc1noc2nc(C(C)C)cc(C(=O)N3CCOCC3(C)C3CC3)c12,4.180143682,4.1599293,True
cyp3a4,1,Cc1nocc1C(=O)N1CCC(NC(=O)c2ccc(F)cc2)CC1,2.049795582,3.9114122,True
cyp3a4,1,Cc1nsc(N2CCCN(c3ncc(Cl)cc3Cl)CC2)n1,5.30321726,5.003578,True
cyp3a4,1,Cc1nsc(N2CCN(C(C)c3nc(C4CC4)no3)CC2)n1,4.10892818,4.3810334,True
cyp3a4,1,Cc1nsc(NC(=O)c2cc(C3CC3)nc3c2c(C)nn3C)c1C#N,4.70724697,4.605216,True
cyp3a4,1,Cc1onc(N)c1S(=O)(=O)N1CCCc2cc(C(=O)O)ccc21,2.726152313,2.1890545,True
cyp3a4,1,Cc1sc(=O)n(CC(=O)Nc2cnn(CC(=O)NC3CC3)c2)c1-c1ccc(F)cc1,4.049433908,3.5930798,True
cyp3a4,1,Cn1c(=O)[nH]c2cc(C(=O)Nc3ccn(CC(F)(F)F)n3)ccc21,2.142887003,3.232828,True
cyp3a4,1,Cn1c(=O)[nH]c2ccc(C(=O)NC3CCC(c4ccc(F)cc4)C3)cc21,4.627867098,4.441498,True
cyp3a4,1,Cn1c(=O)c(CNc2ccc(Cl)cn2)cc2ccccc21,3.923338353,4.789838,True
cyp3a4,1,Cn1c(=O)c2c(ncn2CC(O)CO)n(C)c1=O,2.052592035,3.2369988,True
cyp3a4,1,Cn1c(=O)oc2c(C(=O)N[C@H]3c4ccccc4CC[C@H]3O)cccc21,4.337483833,3.8951855,True
cyp3a4,1,Cn1c(C2CC2)nc2cc(Nc3nccn4nc(C5CCC5)cc34)ccc21,5.588364035,4.76736,True
cyp3a4,1,Cn1cc(-c2nn(C)cc2NC(=O)c2ccc(C(N)=O)cc2)cn1,1.98367122,3.591424,True
cyp3a4,1,Cn1cc(C(=O)NCc2cccc(C(N)=O)c2)c(C(F)F)n1,2.853882075,2.8296204,True
cyp3a4,1,Cn1cc(C2=CCCN(S(=O)(=O)c3ccc(Cl)s3)C2)cn1,5.051615703,4.7804227,True
cyp3a4,1,Cn1cc(C2=CCCN(S(=O)(=O)c3ccc(F)cc3F)C2)cn1,4.691003128,4.5181355,True
cyp3a4,1,Cn1cc(C2CN(C(=O)c3ccc(C(F)F)c(F)c3)CCN2)cn1,3.610169047,3.0778031,True
cyp3a4,1,Cn1cc(C2CN(C(=O)c3ccc4c(c3)ncn4C)CCO2)cn1,2.101922857,3.7394986,True
cyp3a4,1,Cn1cc([C@@H]2CN(C(=O)c3ccccc3C3(C)CC3)C[C@H]2CO)cn1,4.425940018,4.263223,True
cyp3a4,1,Cn1ccnc1C1(CNC(=O)c2ccc(Cn3cc(Cl)cn3)s2)NC(=O)NC1=O,4.313959628,3.8682685,True
cyp3a4,1,Cn1ccnc1CN1CCC(c2c[nH]c3ccccc23)CC1,4.356792138,4.1629114,True
cyp3a4,1,Cn1cnc(-c2cccc(NC(=O)c3cccc(OCC(F)F)n3)c2)n1,4.27965316,3.81437,True
cyp3a4,1,Cn1cnc(C(=O)N2CCCc3ccccc3CC2)n1,2.778184492,3.4858592,True
cyp3a4,1,Cn1cnc(N2CCN(C(=O)Cc3c[nH]c4ccccc34)CC2)cc1=O,3.552908173,4.5883803,True
cyp3a4,1,Cn1nc(C(=O)NC2(c3ccc(Cl)cc3)CCOCC2)cc1C1CC1,4.017989577,3.8263388,True
cyp3a4,1,Cn1nc(C2CCCCC2)cc1NC(=O)c1cccnc1O,4.864202275,4.3371425,True
cyp3a4,1,Cn1nc2cc(Br)ccc2c1C(=O)N1CCCc2c(F)cccc21,5.091984573,4.646839,True
cyp3a4,1,Cn1ncc(C(=O)Nc2nn(Cc3ccccc3F)cc2Br)c1CCC(F)(F)F,5.885073883,4.3961134,True
cyp3a4,1,Cn1ncc(S(=O)(=O)Nc2cccc(Sc3ccccc3)c2)n1,4.19880174,3.9735358,True
cyp3a4,1,Cn1ncc2cc(C(=O)NCc3nc4c(s3)CCCC4)cnc21,4.514640392,4.501067,True
cyp3a4,1,FC(F)(F)c1cccc(NC[C@H]2CC[C@@H](c3ncn[nH]3)O2)n1,4.657910682,3.5065901,True
cyp3a4,1,FCCn1cc(-c2noc([C@@H]3C[C@H]3c3ccc(F)cc3F)n2)cn1,4.49443749,4.2807145,True
cyp3a4,1,N#Cc1cc(N2CCN(C(=O)CO)CC2)ccc1C(F)(F)F,3.793707005,3.539303,True
cyp3a4,1,N#Cc1ccc(S(=O)(=O)Nc2cccc(C(F)(F)F)c2)cc1,4.246439953,4.7240167,True
cyp3a4,1,NC(=O)C(c1ccccc1)(c1ccccc1)[C@@H]1CCN(CCc2ccc3c(c2)CCO3)C1,4.980639392,4.5487533,True
cyp3a4,1,NC(=O)[C@@H]1Cc2ccccc2CN1C(=O)CC1CCCC(=O)N1,2.305296658,1.7579968,True
cyp3a4,1,NC(=O)c1cc(C(=O)Nc2cccc3c2CCN3)nn1-c1ccccc1,4.294925585,4.214295,True
cyp3a4,1,NC(=O)c1cc(C(=O)Nc2nc(-c3ccc4c(c3)OCO4)cs2)nn1-c1ccccc1,5.914312052,4.47311,True
cyp3a4,1,NC(=O)c1ccccc1NCC(=O)N1CCC(c2noc3cc(F)ccc23)CC1,4.37040202,4.5369964,True
cyp3a4,1,NC(=O)c1ccccc1O,2.39347503,3.378336,True
cyp3a4,1,NC(=O)c1n[nH]c2ccc(NC(=O)c3nccc4ccccc34)cc12,4.301574933,3.672753,True
cyp3a4,1,NNCCc1ccccc1,4.719345525,2.98031,True
cyp3a4,1,NS(=O)(=O)Cc1cccc(C(=O)N2CCCCCc3ccccc32)c1,5.29994507,4.0332584,True
cyp3a4,1,Nc1ccc(C(=O)O)c(O)c1,4.0776299,1.0537407,True
cyp3a4,1,Nc1ccc(N)cc1,4.484931598,3.8337474,True
cyp3a4,1,Nc1cccc2c1CN(C1CCC(=O)NC1=O)C2=O,2.161463383,1.958508,True
cyp3a4,1,Nc1nnc(C2CCN(C(=O)COc3ccc(Cl)cc3Cl)CC2)[nH]1,4.994229285,4.109839,True
cyp3a4,1,O=C(C(O)c1cccc(C(F)(F)F)c1)N1CCc2ccccc2CC1,4.77881633,4.888724,True
cyp3a4,1,O=C(C1CCCc2cccnc21)N1CC(O)(c2ccc(Br)cc2)C1,4.33964827,4.153541,True
cyp3a4,1,O=C(CC(=O)N1CCCC1CCc1ccccc1)NCC(F)(F)F,3.466350815,3.4338684,True
cyp3a4,1,O=C(CC1(c2ccccc2)CCCO1)Nc1nn(Cc2ccccc2F)cc1Br,4.99004783,4.54805,True
cyp3a4,1,O=C(CC=Cc1cccc(F)c1)NC12CCCC1NCC2,4.96755517,2.67443,True
cyp3a4,1,O=C(CCC1NC(=O)NC1=O)NCc1coc(-c2ccccc2)n1,2.16511723,3.500192,True
cyp3a4,1,O=C(CCCn1c(=O)[nH][nH]c1=O)NC1C2CCc3ccccc3C21,3.00186335,3.5804982,True
cyp3a4,1,O=C(CCN1C(=O)CCC1=O)N1CCC(Cc2cccc(F)c2)CC1,2.81226268,3.087657,True
cyp3a4,1,O=C(CCOc1ccccc1)Nc1ccc(Cl)c(-n2nnnc2C2CC2)c1,5.231255505,4.3556957,True
cyp3a4,1,O=C(CCn1ccc2cc(Cl)ccc21)NC[C@H]1CCCC(=O)N1,4.48484173,3.5769548,True
cyp3a4,1,O=C(CN1CC(O)CC1CO)NC(=O)Nc1ccc2c(c1)OCCO2,2.033877163,2.676395,True
cyp3a4,1,O=C(CN1Cc2ccccc2C1=O)NCc1cnn(CC2CCC2)c1,3.529890103,4.0317726,True
cyp3a4,1,O=C(CNc1ccc(F)cc1)N1CCOC(c2ccc(F)cc2)C1,3.903181492,4.400794,True
cyp3a4,1,O=C(COC(=O)Cc1n[nH]c(=O)c2ccccc12)NCC1CCOC1,2.355650435,2.8097908,True
cyp3a4,1,O=C(Cc1c[nH]c2cc(Cl)ccc12)NC1CCc2ncccc2C1,4.88168079,4.6849985,True
cyp3a4,1,O=C(Cc1cccc(C(F)(F)F)n1)Nc1ccc(CCO)cc1,4.14580803,3.7104106,True
cyp3a4,1,O=C(Cc1ccccc1F)N1CCN(C(=O)c2cccc3c2CCC3)CC1,3.98440303,4.6409273,True
cyp3a4,1,O=C(Cn1nc2ccccn2c1=O)N[C@@H]1CCCc2cccnc21,2.29783854,3.5443442,True
cyp3a4,1,O=C(NC1CC1)[C@H]1Cc2ccccc2CN1Cc1cccs1,4.350615175,3.858928,True
cyp3a4,1,O=C(NC1CCC(F)(F)CC1)N1C[C@@H]2C[C@H](C1)c1cccc(=O)n1C2,2.44907719,3.2671843,True
cyp3a4,1,O=C(NC1CCC(O)(c2ccccc2)CC1)c1ccc(C(F)(F)F)cc1,4.059785025,4.4980726,True
cyp3a4,1,O=C(NC1CCC(OC(F)F)CC1)c1cc(-c2ccccc2)ccn1,4.10975147,3.8970466,True
cyp3a4,1,O=C(NC1CCCN(Cc2nnc3n2CCCC3)C1)c1ccc2ccccc2c1,3.221427133,4.0448823,True
cyp3a4,1,O=C(NC1CCOC(c2cccnc2)C1)N1CCCc2ccccc2CC1,5.439947945,4.518519,True
cyp3a4,1,O=C(NC1CCOc2ccc(F)cc21)c1ccc2c(c1)CC(c1ccccc1)OC2=O,5.173216105,4.015283,True
cyp3a4,1,O=C(NC1CCn2ccnc2C1)c1cccc(NCc2ccccn2)c1,3.78176346,3.7955368,True
cyp3a4,1,O=C(NCCC1CN(c2ncnc3[nH]ncc23)c2ccccc21)c1cccn2c(=O)[nH]nc12,3.756496772,4.5282593,True
cyp3a4,1,O=C(NCCN1CCNC1=O)Nc1ccc(NC(=O)c2ccc3c(c2)OCO3)cc1,4.69983508,4.278638,True
cyp3a4,1,O=C(NCCN1CCc2ccccc21)NC1CC12CCOCC2,4.197972335,4.096414,True
cyp3a4,1,O=C(NCCS(=O)(=O)Nc1ccccc1)Nc1ccn(-c2ccccc2Cl)n1,4.985183427,5.3714347,True
cyp3a4,1,O=C(NCCc1c[nH]c2c(Cl)cccc12)C(F)(F)c1cccnc1,5.675257702,5.09921,True
cyp3a4,1,O=C(NCCc1nc2ccccc2s1)C1NCC12CCOCC2,5.163538417,3.8104873,True
cyp3a4,1,O=C(NC[C@]1(c2ccccc2)C[C@H](O)C1)Nc1nnc(C2CC2)s1,4.168835715,3.809773,True
cyp3a4,1,O=C(NCc1ccc(N2CCCC2)nc1)N1CCOCC1CCO,3.63856798,2.6924891,True
cyp3a4,1,O=C(NCc1ccc(Oc2ccccc2)nc1)[C@H]1OC[C@H]2CCC[C@H]21,3.74995955,3.9469213,True
cyp3a4,1,O=C(NCc1nnc2ccc(C(F)(F)F)cn12)N1CC2CSCC(C2)C1,3.800100432,3.9370308,True
cyp3a4,1,O=C(NS(=O)(=O)CCC1CCCC1)c1cc2n(n1)CCO2,3.276763837,3.7511837,True
cyp3a4,1,O=C(N[C@H](Cc1ccccc1)C(=O)O)C1CCN(c2ccc3nncn3n2)CC1,2.13248211,3.4535384,True
cyp3a4,1,O=C(Nc1cc(F)cc(N2CCOCC2)c1)N[C@]12CCC[C@H]1CNC2,3.970082812,3.0596938,True
cyp3a4,1,O=C(Nc1ccc(-n2cccn2)c(F)c1)c1ccnn1-c1ccccc1,4.31156113,4.007375,True
cyp3a4,1,O=C(Nc1ccc(-n2nn[nH]c2=O)cc1)c1cc(F)ccc1Cl,3.849639655,3.3254592,True
cyp3a4,1,O=C(Nc1ccc(CN2CCOC2=O)cc1)c1c[nH]nc1-c1ccccn1,4.626496515,3.9449995,True
cyp3a4,1,O=C(Nc1ccc(Cl)c(-n2nnnc2C2CC2)c1)NC1CCC12CCCC2,5.406038363,3.9984164,True
cyp3a4,1,O=C(Nc1cccc(F)c1F)NC1CCCN(C2CCCCC2)C1=O,4.037111138,3.25445,True
cyp3a4,1,O=C(Nc1cccc2c1CCO2)c1cnn2ccccc12,4.103501182,3.9707813,True
cyp3a4,1,O=C(Nc1cccc2nccnc12)N1CCC(O)(C2CCC2)CC1,4.150867857,3.578045,True
cyp3a4,1,O=C(Nc1ccccc1)c1cccc(C(=O)N2CCN(c3ccccn3)CC2)c1,4.488014915,4.949222,True
cyp3a4,1,O=C(Nc1ccnn1C1CCC1)N1CCC(N2CCNCC2)C1,2.137261065,2.808353,True
cyp3a4,1,O=C(Nc1cn[nH]c1)c1cc(-c2ccc3ccccc3c2)[nH]n1,3.691492082,5.22337,True
cyp3a4,1,O=C(Nc1cnn(C2CCC2)c1)C1CC(=O)N(C2CCCC2)C1,3.137748022,2.766035,True
cyp3a4,1,O=C(Nc1ncc(C2CC2)s1)c1cccn1C1CCCC1,5.433437555,4.659291,True
cyp3a4,1,O=C(Nc1nn(Cc2ccccc2F)cc1Br)c1cnnc(C2CC2)c1,5.100720335,4.36593,True
cyp3a4,1,O=C(O)C(C1CC1)N1CCN(C(=O)COc2ccc(Cl)cc2Cl)CC1,2.177626995,3.38129,True
cyp3a4,1,O=C(O)C1CCN(C(=O)C2CC23CCc2ccccc23)c2ccccc21,4.618491245,3.532111,True
cyp3a4,1,O=C(O)CNC(=O)C1CCCN(C(=O)COc2ccccc2)C1,1.9755053,2.0793295,True
cyp3a4,1,O=C(O)c1ccc(C(=O)N2CCc3ccccc3C2)cn1,2.333177083,1.444823,True
cyp3a4,1,O=C(O)c1cccc(CNc2nccn3nc(C4CCC4)cc23)c1,3.18994724,3.4820297,True
cyp3a4,1,O=C(OCCOCCO)c1ccccc1Nc1cccc(C(F)(F)F)c1,4.823637012,4.6920967,True
cyp3a4,1,O=C(c1[nH]c2ccc(Cl)cc2c1Cl)N1CCC(O)(c2ccc(F)cc2)C1,5.313172212,5.3034983,True
cyp3a4,1,O=C(c1c[nH]c2cc(Cl)ccc12)N1CCC(n2c(=O)[nH]c3ccccc32)CC1,5.09727303,5.059485,True
cyp3a4,1,O=C(c1cc(-c2ccc3ccccc3c2)[nH]n1)N1CCC(n2cc(C3CC3)nn2)C1,5.79764719,4.107213,True
cyp3a4,1,O=C(c1cc(-c2ccco2)[nH]n1)N1CCc2ccccc21,4.65374981,4.416896,True
cyp3a4,1,O=C(c1cc2ccccc2[nH]1)N1CCC(N2CCS(=O)(=O)CC2)CC1,4.574048023,4.0798626,True
cyp3a4,1,O=C(c1ccc(-c2ccccc2)[nH]1)N(CC(F)F)CC(F)F,4.553666823,3.199215,True
cyp3a4,1,O=C(c1ccc(-c2ccncc2)[nH]c1=O)N1CC2(CCOCC2)[C@H]2CCC[C@H]21,2.992970592,3.9527905,True
cyp3a4,1,O=C(c1ccc(O)cc1)N1CCN(c2cc(N3CCCC3)ncn2)CC1,4.163376835,4.45904,True
cyp3a4,1,O=C(c1ccc(O)nc1)N1CCn2cccc2C1c1ccccc1,2.655530887,3.6040807,True
cyp3a4,1,O=C(c1cccc(Br)c1)N1CCN(c2ccc(Cl)cn2)CC1,4.88311627,4.4410534,True
cyp3a4,1,O=C(c1cnn2c1CCC2)N1CCc2[nH]c3ccc(F)cc3c2C1,4.59344608,4.3676124,True
cyp3a4,1,O=C(c1nccc2cccnc12)N1CCC[C@@H]1Cn1ccnc1,4.912909038,5.2972813,True
cyp3a4,1,O=C(c1nn[nH]c1NC(=O)N1CCCC1c1nc2ccccc2[nH]1)N1CCCC1,4.216524775,3.3859131,True
cyp3a4,1,O=C1CCCCCN1CCCNS(=O)(=O)c1cccs1,3.39431766,3.4353056,True
cyp3a4,1,O=C1CCCc2cc(C(=O)N3CCn4cccc4C3c3ccccc3)ccc2N1,4.709783387,4.0055656,True
cyp3a4,1,O=C1CCc2ccc(NS(=O)(=O)c3ccnn3C3CCC3)cc2N1,3.55631041,4.017975,True
cyp3a4,1,O=C1CN(C(=O)NCc2cccc(-c3ccccn3)c2)C2CCCCC2N1,3.745900537,3.9535809,True
cyp3a4,1,O=C1CSc2ccc(C(=O)NC[C@@H]3CCO[C@H]3c3ccccc3)cc2N1,4.543412782,3.609446,True
cyp3a4,1,O=C1N(CCc2c[nH]c3c(Cl)cccc23)C(=O)C23CC(CN12)C3,4.1180029,4.6663117,True
cyp3a4,1,O=C1OCCC1CCn1cc(-c2cnc3[nH]ccc3c2)nn1,2.88122542,3.2918372,True
cyp3a4,1,O=S(=O)(NCC(O)c1cccc2ccccc12)c1ccccc1Br,5.418126688,5.499727,True
cyp3a4,1,O=S(=O)(NCC(O)c1cccc2ccccc12)c1cccs1,5.10581791,4.57121,True
cyp3a4,1,O=S(=O)(NCCN1CCCC1)c1cnc2ccccc2c1,3.389942373,3.9908547,True
cyp3a4,1,O=S(=O)(N[C@H]1C[C@@H]1c1ccc(Cl)c(F)c1)c1cnn2c1CNCC2,5.19545769,4.1867356,True
cyp3a4,1,O=S(=O)(Nc1ccc(-n2cccn2)cc1)c1ccc(Cl)cc1,5.13412217,4.2069206,True
cyp3a4,1,O=S(=O)(Nc1cccc2c1C1CCC2N1)c1sccc1C1CC1,4.32048986,4.0953755,True
cyp3a4,1,O=S(=O)(Nc1ccccc1C1CC1)c1sccc1C1CC1,5.48175593,5.0686145,True
cyp3a4,1,O=S(=O)(c1ccc(CNC2CCC23CCC3)cc1)N1CCOCC1,4.232497217,4.494777,True
cyp3a4,1,O=S(=O)(c1cnn2ncccc12)N1CCCC(c2ccn[nH]2)C1,3.823460068,4.3072104,True
cyp3a4,1,O=S1(=O)CCC(Nc2nnc(-c3c[nH]c4ccccc34)o2)C1,2.955284793,3.5105326,True
cyp3a4,1,O=c1[nH]c2c(cc1-c1noc(C3CCN(c4nc5ccccc5o4)CC3)n1)CNCC2,3.853686657,3.3895757,True
cyp3a4,1,O=c1n(CCCN2CCN(c3cccc(Cl)c3)CC2)nc2ccccn12,3.925884955,4.8463345,True
cyp3a4,1,OC1(C(F)(F)F)CCN(c2cc(N3CCCCC3)ncn2)C1,3.788497435,4.518043,True
cyp3a4,1,OC[C@H]1O[C@@H](c2ccc(Cl)c(Cc3ccc(O[C@H]4CCOC4)cc3)c2)[C@H](O)[C@@H](O)[C@@H]1O,2.484795243,4.136977,True
cyp3a4,1,Oc1cccc(O)c1,4.591722455,4.717277,True
cyp3a4,1,c1cc(OCC2CC2)ncc1-c1noc(C23CCCN(CCC2)C3)n1,2.581972495,3.9874332,True
cyp3a4,1,c1ccc(-n2nnc3c2CCN(CCc2ccc4c(c2)CCO4)C3)cc1,4.322184425,4.8789315,True
cyp3a4,1,c1ccc(Cn2cc(Cn3cnc(-c4ccccc4)c3)nn2)cc1,5.484399145,4.9195933,True
cyp3a4,1,c1ccc(Cn2cncc2Cn2cc(Cn3cncn3)nn2)cc1,4.530198892,5.5436697,True
cyp3a4,1,c1cnc(COc2ccc(NCC3(C4CCCO4)CC3)cc2)cn1,4.303729255,4.7167892,True
cyp3a4,1,c1nc(NCc2ccc3c(c2)OCO3)c2nnn(C3CC3)c2n1,5.673624075,4.7731957,True
